{"cameraMode":{"drawMode":0,"name":"Shaded","section":"Shading Mode"},"sceneLighting":true,"audioPlay":false,"sceneViewState":{"m_AlwaysRefresh":false,"showFog":true,"showSkybox":false,"showFlares":true,"showImageEffects":true,"showParticleSystems":true,"showVisualEffectGraphs":true,"m_FxEnabled":true},"in2DMode":false,"pivot":{"x":3.1869637966156008,"y":0.6340658664703369,"z":0.1939249038696289},"rotation":{"x":-0.25244763493537905,"y":-0.029875094071030618,"z":0.007865708321332932,"w":-0.9672272801399231},"size":3.6397876739501955,"orthographic":false}