{"cameraMode":{"drawMode":0,"name":"Shaded","section":"Shading Mode"},"sceneLighting":false,"audioPlay":false,"sceneViewState":{"m_AlwaysRefresh":false,"showFog":true,"showSkybox":false,"showFlares":true,"showImageEffects":true,"showParticleSystems":true,"showVisualEffectGraphs":true,"m_FxEnabled":true},"in2DMode":false,"pivot":{"x":0.06120797619223595,"y":0.025478996336460115,"z":-0.5607086420059204},"rotation":{"x":0.04679208993911743,"y":0.013794033788144589,"z":-0.0007526692352257669,"w":0.9989898800849915},"size":0.8660253882408142,"orthographic":false}