{"cameraMode":{"drawMode":0,"name":"Shaded","section":"Shading Mode"},"sceneLighting":false,"audioPlay":false,"sceneViewState":{"m_AlwaysRefresh":false,"showFog":true,"showSkybox":false,"showFlares":true,"showImageEffects":true,"showParticleSystems":true,"showVisualEffectGraphs":true,"m_FxEnabled":true},"in2DMode":false,"pivot":{"x":7.106672286987305,"y":2.4152259826660158,"z":-21.683876037597658},"rotation":{"x":-0.042288731783628467,"y":-0.8648995757102966,"z":0.07456788420677185,"w":-0.49513038992881777},"size":3.2024474143981935,"orthographic":false}